team_name,team_location,team_mascot,team_abbr,team_code,team_id_num,level,league_name,parent_org_name,parent_org_id,team_logo,team_cap_logo_on_light
DSL Arizona Red,DSL Arizona Red,DSL Arizona Red,D-ARR,dad,5087,Rookie,Dominican Summer League,Arizona Diamondbacks,109,https://www.mlbstatic.com/team-logos/5087.svg,https://www.mlbstatic.com/team-logos/team-cap-on-light/5087.svg
DSL Arizona Black,DSL Arizona Black,DSL Arizona Black,D-ARB,dak,610,Rookie,Dominican Summer League,Arizona Diamondbacks,109,https://www.mlbstatic.com/team-logos/610.svg,https://www.mlbstatic.com/team-logos/team-cap-on-light/610.svg
ACL D-backs,ACL D-backs,ACL D-backs,A-DBA,adb,1991,Rookie,Arizona Complex League,Arizona Diamondbacks,109,https://www.mlbstatic.com/team-logos/1991.svg,https://www.mlbstatic.com/team-logos/team-cap-on-light/1991.svg
Arizona Diamondbacks,Arizona,Diamondbacks,AZ,ari,109,MLB,National League,Arizona Diamondbacks,109,https://www.mlbstatic.com/team-logos/109.svg,https://www.mlbstatic.com/team-logos/team-cap-on-light/109.svg
Reno Aces,Reno,Aces,RNO,ren,2310,AAA,Pacific Coast League,Arizona Diamondbacks,109,https://www.mlbstatic.com/team-logos/2310.svg,https://www.mlbstatic.com/team-logos/team-cap-on-light/2310.svg
Amarillo Sod Poodles,Amarillo,Sod Poodles,AMA,ama,5368,AA,Texas League,Arizona Diamondbacks,109,https://www.mlbstatic.com/team-logos/5368.svg,https://www.mlbstatic.com/team-logos/team-cap-on-light/5368.svg
Hillsboro Hops,Hillsboro,Hops,HIL,hil,419,A+,Northwest League,Arizona Diamondbacks,109,https://www.mlbstatic.com/team-logos/419.svg,https://www.mlbstatic.com/team-logos/team-cap-on-light/419.svg
Visalia Rawhide,Visalia,Rawhide,VIS,vis,516,A,California League,Arizona Diamondbacks,109,https://www.mlbstatic.com/team-logos/516.svg,https://www.mlbstatic.com/team-logos/team-cap-on-light/516.svg
DSL Braves,DSL Braves,DSL Braves,D-BRV,dbr,605,Rookie,Dominican Summer League,Atlanta Braves,144,https://www.mlbstatic.com/team-logos/605.svg,https://www.mlbstatic.com/team-logos/team-cap-on-light/605.svg
FCL Braves,FCL Braves,FCL Braves,F-BRV,fbr,464,Rookie,Florida Complex League,Atlanta Braves,144,https://www.mlbstatic.com/team-logos/464.svg,https://www.mlbstatic.com/team-logos/team-cap-on-light/464.svg
Atlanta Braves,Atlanta,Braves,ATL,atl,144,MLB,National League,Atlanta Braves,144,https://www.mlbstatic.com/team-logos/144.svg,https://www.mlbstatic.com/team-logos/team-cap-on-light/144.svg
Gwinnett Stripers,Gwinnett,Stripers,GWN,gwi,431,AAA,International League,Atlanta Braves,144,https://www.mlbstatic.com/team-logos/431.svg,https://www.mlbstatic.com/team-logos/team-cap-on-light/431.svg
Mississippi Braves,Mississippi,Braves,MIS,msp,430,AA,Southern League,Atlanta Braves,144,https://www.mlbstatic.com/team-logos/430.svg,https://www.mlbstatic.com/team-logos/team-cap-on-light/430.svg
Rome Emperors,Rome,Emperors,ROM,rom,432,A+,South Atlantic League,Atlanta Braves,144,https://www.mlbstatic.com/team-logos/432.svg,https://www.mlbstatic.com/team-logos/team-cap-on-light/432.svg
Augusta GreenJackets,Augusta,GreenJackets,AUG,aug,478,A,Carolina League,Atlanta Braves,144,https://www.mlbstatic.com/team-logos/478.svg,https://www.mlbstatic.com/team-logos/team-cap-on-light/478.svg
DSL Orioles Orange,DSL Orioles Orange,DSL Orioles Orange,D-ORO,doo,3130,Rookie,Dominican Summer League,Baltimore Orioles,110,https://www.mlbstatic.com/team-logos/3130.svg,https://www.mlbstatic.com/team-logos/team-cap-on-light/3130.svg
DSL Orioles Black,DSL Orioles Black,DSL Orioles Black,D-ORB,dob,621,Rookie,Dominican Summer League,Baltimore Orioles,110,https://www.mlbstatic.com/team-logos/621.svg,https://www.mlbstatic.com/team-logos/team-cap-on-light/621.svg
FCL Orioles,FCL Orioles,FCL Orioles,F-ORI,for,599,Rookie,Florida Complex League,Baltimore Orioles,110,https://www.mlbstatic.com/team-logos/599.svg,https://www.mlbstatic.com/team-logos/team-cap-on-light/599.svg
Baltimore Orioles,Baltimore,Orioles,BAL,bal,110,MLB,American League,Baltimore Orioles,110,https://www.mlbstatic.com/team-logos/110.svg,https://www.mlbstatic.com/team-logos/team-cap-on-light/110.svg
Norfolk Tides,Norfolk,Tides,NOR,nor,568,AAA,International League,Baltimore Orioles,110,https://www.mlbstatic.com/team-logos/568.svg,https://www.mlbstatic.com/team-logos/team-cap-on-light/568.svg
Bowie Baysox,Bowie,Baysox,BOW,bow,418,AA,Eastern League,Baltimore Orioles,110,https://www.mlbstatic.com/team-logos/418.svg,https://www.mlbstatic.com/team-logos/team-cap-on-light/418.svg
Aberdeen IronBirds,Aberdeen,IronBirds,ABD,abe,488,A+,South Atlantic League,Baltimore Orioles,110,https://www.mlbstatic.com/team-logos/488.svg,https://www.mlbstatic.com/team-logos/team-cap-on-light/488.svg
Delmarva Shorebirds,Delmarva,Shorebirds,DEL,del,548,A,Carolina League,Baltimore Orioles,110,https://www.mlbstatic.com/team-logos/548.svg,https://www.mlbstatic.com/team-logos/team-cap-on-light/548.svg
DSL Red Sox Red,DSL Red Sox Red,DSL Red Sox Red,D-RSR,drx,627,Rookie,Dominican Summer League,Boston Red Sox,111,https://www.mlbstatic.com/team-logos/627.svg,https://www.mlbstatic.com/team-logos/team-cap-on-light/627.svg
DSL Red Sox Blue,DSL Red Sox Blue,DSL Red Sox Blue,D-RSB,drs,626,Rookie,Dominican Summer League,Boston Red Sox,111,https://www.mlbstatic.com/team-logos/626.svg,https://www.mlbstatic.com/team-logos/team-cap-on-light/626.svg
FCL Red Sox,FCL Red Sox,FCL Red Sox,F-RSX,frs,471,Rookie,Florida Complex League,Boston Red Sox,111,https://www.mlbstatic.com/team-logos/471.svg,https://www.mlbstatic.com/team-logos/team-cap-on-light/471.svg
Boston Red Sox,Boston,Red Sox,BOS,bos,111,MLB,American League,Boston Red Sox,111,https://www.mlbstatic.com/team-logos/111.svg,https://www.mlbstatic.com/team-logos/team-cap-on-light/111.svg
Worcester Red Sox,Worcester,Red Sox,WOR,wor,533,AAA,International League,Boston Red Sox,111,https://www.mlbstatic.com/team-logos/533.svg,https://www.mlbstatic.com/team-logos/team-cap-on-light/533.svg
Portland Sea Dogs,Portland,Sea Dogs,POR,prt,546,AA,Eastern League,Boston Red Sox,111,https://www.mlbstatic.com/team-logos/546.svg,https://www.mlbstatic.com/team-logos/team-cap-on-light/546.svg
Greenville Drive,Greenville,Drive,GVL,grn,428,A+,South Atlantic League,Boston Red Sox,111,https://www.mlbstatic.com/team-logos/428.svg,https://www.mlbstatic.com/team-logos/team-cap-on-light/428.svg
Salem Red Sox,Salem,Red Sox,SAL,slm,414,A,Carolina League,Boston Red Sox,111,https://www.mlbstatic.com/team-logos/414.svg,https://www.mlbstatic.com/team-logos/team-cap-on-light/414.svg
DSL Cubs Blue,DSL Cubs Blue,DSL Cubs Blue,D-CUB,dcb,609,Rookie,Dominican Summer League,Chicago Cubs,112,https://www.mlbstatic.com/team-logos/609.svg,https://www.mlbstatic.com/team-logos/team-cap-on-light/609.svg
DSL Cubs Red,DSL Cubs Red,DSL Cubs Red,D-CUR,dcr,2270,Rookie,Dominican Summer League,Chicago Cubs,112,https://www.mlbstatic.com/team-logos/2270.svg,https://www.mlbstatic.com/team-logos/team-cap-on-light/2270.svg
ACL Cubs,ACL Cubs,ACL Cubs,A-CUB,acc,407,Rookie,Arizona Complex League,Chicago Cubs,112,https://www.mlbstatic.com/team-logos/407.svg,https://www.mlbstatic.com/team-logos/team-cap-on-light/407.svg
Chicago Cubs,Chi Cubs,Cubs,CHC,chn,112,MLB,National League,Chicago Cubs,112,https://www.mlbstatic.com/team-logos/112.svg,https://www.mlbstatic.com/team-logos/team-cap-on-light/112.svg
Iowa Cubs,Iowa,Cubs,IOW,iow,451,AAA,International League,Chicago Cubs,112,https://www.mlbstatic.com/team-logos/451.svg,https://www.mlbstatic.com/team-logos/team-cap-on-light/451.svg
Tennessee Smokies,Tennessee,Smokies,TNS,ten,553,AA,Southern League,Chicago Cubs,112,https://www.mlbstatic.com/team-logos/553.svg,https://www.mlbstatic.com/team-logos/team-cap-on-light/553.svg
South Bend Cubs,South Bend,Cubs,SB,sou,550,A+,Midwest League,Chicago Cubs,112,https://www.mlbstatic.com/team-logos/550.svg,https://www.mlbstatic.com/team-logos/team-cap-on-light/550.svg
Myrtle Beach Pelicans,Myrtle Beach,Pelicans,MB,myr,521,A,Carolina League,Chicago Cubs,112,https://www.mlbstatic.com/team-logos/521.svg,https://www.mlbstatic.com/team-logos/team-cap-on-light/521.svg
ACL White Sox,ACL White Sox,ACL White Sox,A-WSX,acw,1997,Rookie,Arizona Complex League,Chicago White Sox,145,https://www.mlbstatic.com/team-logos/1997.svg,https://www.mlbstatic.com/team-logos/team-cap-on-light/1997.svg
DSL White Sox,DSL White Sox,DSL White Sox,D-WSX,dws,633,Rookie,Dominican Summer League,Chicago White Sox,145,https://www.mlbstatic.com/team-logos/633.svg,https://www.mlbstatic.com/team-logos/team-cap-on-light/633.svg
Chicago White Sox,Chi White Sox,White Sox,CWS,cha,145,MLB,American League,Chicago White Sox,145,https://www.mlbstatic.com/team-logos/145.svg,https://www.mlbstatic.com/team-logos/team-cap-on-light/145.svg
Charlotte Knights,Charlotte,Knights,CLT,chr,494,AAA,International League,Chicago White Sox,145,https://www.mlbstatic.com/team-logos/494.svg,https://www.mlbstatic.com/team-logos/team-cap-on-light/494.svg
Birmingham Barons,Birmingham,Barons,BIR,bir,247,AA,Southern League,Chicago White Sox,145,https://www.mlbstatic.com/team-logos/247.svg,https://www.mlbstatic.com/team-logos/team-cap-on-light/247.svg
Winston-Salem Dash,Winston-Salem,Dash,WS,wsm,580,A+,South Atlantic League,Chicago White Sox,145,https://www.mlbstatic.com/team-logos/580.svg,https://www.mlbstatic.com/team-logos/team-cap-on-light/580.svg
Kannapolis Cannon Ballers,Kannapolis,Cannon Ballers,KAN,kan,487,A,Carolina League,Chicago White Sox,145,https://www.mlbstatic.com/team-logos/487.svg,https://www.mlbstatic.com/team-logos/team-cap-on-light/487.svg
ACL Reds,ACL Reds,ACL Reds,A-RED,aci,3430,Rookie,Arizona Complex League,Cincinnati Reds,113,https://www.mlbstatic.com/team-logos/3430.svg,https://www.mlbstatic.com/team-logos/team-cap-on-light/3430.svg
DSL Rojos,DSL Rojos,DSL Rojos,D-ROJ,dre,2412,Rookie,Dominican Summer League,Cincinnati Reds,113,https://www.mlbstatic.com/team-logos/2412.svg,https://www.mlbstatic.com/team-logos/team-cap-on-light/2412.svg
DSL Reds,DSL Reds,DSL Reds,D-RED,drd,628,Rookie,Dominican Summer League,Cincinnati Reds,113,https://www.mlbstatic.com/team-logos/628.svg,https://www.mlbstatic.com/team-logos/team-cap-on-light/628.svg
Cincinnati Reds,Cincinnati,Reds,CIN,cin,113,MLB,National League,Cincinnati Reds,113,https://www.mlbstatic.com/team-logos/113.svg,https://www.mlbstatic.com/team-logos/team-cap-on-light/113.svg
Louisville Bats,Louisville,Bats,LOU,lou,416,AAA,International League,Cincinnati Reds,113,https://www.mlbstatic.com/team-logos/416.svg,https://www.mlbstatic.com/team-logos/team-cap-on-light/416.svg
Chattanooga Lookouts,Chattanooga,Lookouts,CHA,cng,498,AA,Southern League,Cincinnati Reds,113,https://www.mlbstatic.com/team-logos/498.svg,https://www.mlbstatic.com/team-logos/team-cap-on-light/498.svg
Dayton Dragons,Dayton,Dragons,DAY,day,459,A+,Midwest League,Cincinnati Reds,113,https://www.mlbstatic.com/team-logos/459.svg,https://www.mlbstatic.com/team-logos/team-cap-on-light/459.svg
Daytona Tortugas,Daytona,Tortugas,DBT,dtn,450,A,Florida State League,Cincinnati Reds,113,https://www.mlbstatic.com/team-logos/450.svg,https://www.mlbstatic.com/team-logos/team-cap-on-light/450.svg
ACL Guardians,ACL Guardians,ACL Guardians,A-GUA,acg,5374,Rookie,Arizona Complex League,Cleveland Guardians,114,https://www.mlbstatic.com/team-logos/5374.svg,https://www.mlbstatic.com/team-logos/team-cap-on-light/5374.svg
DSL CLE Goryl,DSL CLE Goryl,DSL CLE Goryl,D-CLG,dgd,5506,Rookie,Dominican Summer League,Cleveland Guardians,114,https://www.mlbstatic.com/team-logos/5506.svg,https://www.mlbstatic.com/team-logos/team-cap-on-light/5506.svg
DSL CLE Mendoza,DSL CLE Mendoza,DSL CLE Mendoza,D-CLM,dgu,616,Rookie,Dominican Summer League,Cleveland Guardians,114,https://www.mlbstatic.com/team-logos/616.svg,https://www.mlbstatic.com/team-logos/team-cap-on-light/616.svg
Cleveland Guardians,Cleveland,Guardians,CLE,cle,114,MLB,American League,Cleveland Guardians,114,https://www.mlbstatic.com/team-logos/114.svg,https://www.mlbstatic.com/team-logos/team-cap-on-light/114.svg
Columbus Clippers,Columbus,Clippers,COL,cbs,445,AAA,International League,Cleveland Guardians,114,https://www.mlbstatic.com/team-logos/445.svg,https://www.mlbstatic.com/team-logos/team-cap-on-light/445.svg
Akron RubberDucks,Akron,RubberDucks,AKR,akr,402,AA,Eastern League,Cleveland Guardians,114,https://www.mlbstatic.com/team-logos/402.svg,https://www.mlbstatic.com/team-logos/team-cap-on-light/402.svg
Lake County Captains,Lake County,Captains,LC,lco,437,A+,Midwest League,Cleveland Guardians,114,https://www.mlbstatic.com/team-logos/437.svg,https://www.mlbstatic.com/team-logos/team-cap-on-light/437.svg
Lynchburg Hillcats,Lynchburg,Hillcats,LYN,lyn,481,A,Carolina League,Cleveland Guardians,114,https://www.mlbstatic.com/team-logos/481.svg,https://www.mlbstatic.com/team-logos/team-cap-on-light/481.svg
DSL Colorado,DSL Colorado,DSL Colorado,D-COL,dcd,2131,Rookie,Dominican Summer League,Colorado Rockies,115,https://www.mlbstatic.com/team-logos/2131.svg,https://www.mlbstatic.com/team-logos/team-cap-on-light/2131.svg
ACL Rockies,ACL Rockies,ACL Rockies,A-RCK,aro,1994,Rookie,Arizona Complex League,Colorado Rockies,115,https://www.mlbstatic.com/team-logos/1994.svg,https://www.mlbstatic.com/team-logos/team-cap-on-light/1994.svg
DSL Rockies,DSL Rockies,DSL Rockies,D-RCK,drk,629,Rookie,Dominican Summer League,Colorado Rockies,115,https://www.mlbstatic.com/team-logos/629.svg,https://www.mlbstatic.com/team-logos/team-cap-on-light/629.svg
Colorado Rockies,Colorado,Rockies,COL,col,115,MLB,National League,Colorado Rockies,115,https://www.mlbstatic.com/team-logos/115.svg,https://www.mlbstatic.com/team-logos/team-cap-on-light/115.svg
Albuquerque Isotopes,Albuquerque,Isotopes,ABQ,alb,342,AAA,Pacific Coast League,Colorado Rockies,115,https://www.mlbstatic.com/team-logos/342.svg,https://www.mlbstatic.com/team-logos/team-cap-on-light/342.svg
Hartford Yard Goats,Hartford,Yard Goats,HFD,hfd,538,AA,Eastern League,Colorado Rockies,115,https://www.mlbstatic.com/team-logos/538.svg,https://www.mlbstatic.com/team-logos/team-cap-on-light/538.svg
Spokane Indians,Spokane,Indians,SPO,spo,486,A+,Northwest League,Colorado Rockies,115,https://www.mlbstatic.com/team-logos/486.svg,https://www.mlbstatic.com/team-logos/team-cap-on-light/486.svg
Fresno Grizzlies,Fresno,Grizzlies,FRE,fre,259,A,California League,Colorado Rockies,115,https://www.mlbstatic.com/team-logos/259.svg,https://www.mlbstatic.com/team-logos/team-cap-on-light/259.svg
DSL Tigers 1,DSL Tigers 1,DSL Tigers 1,D-TI1,dti,631,Rookie,Dominican Summer League,Detroit Tigers,116,https://www.mlbstatic.com/team-logos/631.svg,https://www.mlbstatic.com/team-logos/team-cap-on-light/631.svg
DSL Tigers 2,DSL Tigers 2,DSL Tigers 2,D-TI2,dtg,2132,Rookie,Dominican Summer League,Detroit Tigers,116,https://www.mlbstatic.com/team-logos/2132.svg,https://www.mlbstatic.com/team-logos/team-cap-on-light/2132.svg
FCL Tigers,FCL Tigers,FCL Tigers,F-TIG,fti,473,Rookie,Florida Complex League,Detroit Tigers,116,https://www.mlbstatic.com/team-logos/473.svg,https://www.mlbstatic.com/team-logos/team-cap-on-light/473.svg
Detroit Tigers,Detroit,Tigers,DET,det,116,MLB,American League,Detroit Tigers,116,https://www.mlbstatic.com/team-logos/116.svg,https://www.mlbstatic.com/team-logos/team-cap-on-light/116.svg
Toledo Mud Hens,Toledo,Mud Hens,TOL,tol,512,AAA,International League,Detroit Tigers,116,https://www.mlbstatic.com/team-logos/512.svg,https://www.mlbstatic.com/team-logos/team-cap-on-light/512.svg
Erie SeaWolves,Erie,SeaWolves,ERI,esw,106,AA,Eastern League,Detroit Tigers,116,https://www.mlbstatic.com/team-logos/106.svg,https://www.mlbstatic.com/team-logos/team-cap-on-light/106.svg
West Michigan Whitecaps,West Michigan,Whitecaps,WM,wmi,582,A+,Midwest League,Detroit Tigers,116,https://www.mlbstatic.com/team-logos/582.svg,https://www.mlbstatic.com/team-logos/team-cap-on-light/582.svg
Lakeland Flying Tigers,Lakeland,Flying Tigers,LAK,lak,570,A,Florida State League,Detroit Tigers,116,https://www.mlbstatic.com/team-logos/570.svg,https://www.mlbstatic.com/team-logos/team-cap-on-light/570.svg
DSL Astros Blue,DSL Astros Blue,DSL Astros Blue,D-ASB,dab,601,Rookie,Dominican Summer League,Houston Astros,117,https://www.mlbstatic.com/team-logos/601.svg,https://www.mlbstatic.com/team-logos/team-cap-on-light/601.svg
DSL Astros Orange,DSL Astros Orange,DSL Astros Orange,D-ASO,dao,5005,Rookie,Dominican Summer League,Houston Astros,117,https://www.mlbstatic.com/team-logos/5005.svg,https://www.mlbstatic.com/team-logos/team-cap-on-light/5005.svg
FCL Astros,FCL Astros,FCL Astros,F-AST,fas,1998,Rookie,Florida Complex League,Houston Astros,117,https://www.mlbstatic.com/team-logos/1998.svg,https://www.mlbstatic.com/team-logos/team-cap-on-light/1998.svg
Houston Astros,Houston,Astros,HOU,hou,117,MLB,American League,Houston Astros,117,https://www.mlbstatic.com/team-logos/117.svg,https://www.mlbstatic.com/team-logos/team-cap-on-light/117.svg
Sugar Land Space Cowboys,Sugar Land,Space Cowboys,SUG,sls,5434,AAA,Pacific Coast League,Houston Astros,117,https://www.mlbstatic.com/team-logos/5434.svg,https://www.mlbstatic.com/team-logos/team-cap-on-light/5434.svg
Corpus Christi Hooks,Corpus Christi,Hooks,CC,cor,482,AA,Texas League,Houston Astros,117,https://www.mlbstatic.com/team-logos/482.svg,https://www.mlbstatic.com/team-logos/team-cap-on-light/482.svg
Asheville Tourists,Asheville,Tourists,ASH,ash,573,A+,South Atlantic League,Houston Astros,117,https://www.mlbstatic.com/team-logos/573.svg,https://www.mlbstatic.com/team-logos/team-cap-on-light/573.svg
Fayetteville Woodpeckers,Fayetteville,Woodpeckers,FAY,fay,3712,A,Carolina League,Houston Astros,117,https://www.mlbstatic.com/team-logos/3712.svg,https://www.mlbstatic.com/team-logos/team-cap-on-light/3712.svg
DSL Royals Ventura,DSL Royals Ventura,DSL Royals Ventura,D-ROV,drl,630,Rookie,Dominican Summer League,Kansas City Royals,118,https://www.mlbstatic.com/team-logos/630.svg,https://www.mlbstatic.com/team-logos/team-cap-on-light/630.svg
DSL Royals Fortuna,DSL Royals Fortuna,DSL Royals Fortuna,D-ROF,drg,2128,Rookie,Dominican Summer League,Kansas City Royals,118,https://www.mlbstatic.com/team-logos/2128.svg,https://www.mlbstatic.com/team-logos/team-cap-on-light/2128.svg
ACL Royals,ACL Royals,ACL Royals,A-ROY,akc,412,Rookie,Arizona Complex League,Kansas City Royals,118,https://www.mlbstatic.com/team-logos/412.svg,https://www.mlbstatic.com/team-logos/team-cap-on-light/412.svg
Kansas City Royals,Kansas City,Royals,KC,kca,118,MLB,American League,Kansas City Royals,118,https://www.mlbstatic.com/team-logos/118.svg,https://www.mlbstatic.com/team-logos/team-cap-on-light/118.svg
Omaha Storm Chasers,Omaha,Storm Chasers,OMA,oma,541,AAA,International League,Kansas City Royals,118,https://www.mlbstatic.com/team-logos/541.svg,https://www.mlbstatic.com/team-logos/team-cap-on-light/541.svg
Northwest Arkansas Naturals,Northwest Arkansas,Naturals,NWA,nwa,1350,AA,Texas League,Kansas City Royals,118,https://www.mlbstatic.com/team-logos/1350.svg,https://www.mlbstatic.com/team-logos/team-cap-on-light/1350.svg
Quad Cities River Bandits,Quad Cities,River Bandits,QC,qcs,565,A+,Midwest League,Kansas City Royals,118,https://www.mlbstatic.com/team-logos/565.svg,https://www.mlbstatic.com/team-logos/team-cap-on-light/565.svg
Columbia Fireflies,Columbia,Fireflies,COL,cba,3705,A,Carolina League,Kansas City Royals,118,https://www.mlbstatic.com/team-logos/3705.svg,https://www.mlbstatic.com/team-logos/team-cap-on-light/3705.svg
ACL Angels,ACL Angels,ACL Angels,A-ANG,ala,404,Rookie,Arizona Complex League,Los Angeles Angels,108,https://www.mlbstatic.com/team-logos/404.svg,https://www.mlbstatic.com/team-logos/team-cap-on-light/404.svg
DSL Angels,DSL Angels,DSL Angels,D-ANG,dan,600,Rookie,Dominican Summer League,Los Angeles Angels,108,https://www.mlbstatic.com/team-logos/600.svg,https://www.mlbstatic.com/team-logos/team-cap-on-light/600.svg
Los Angeles Angels,LA Angels,Angels,LAA,ana,108,MLB,American League,Los Angeles Angels,108,https://www.mlbstatic.com/team-logos/108.svg,https://www.mlbstatic.com/team-logos/team-cap-on-light/108.svg
Salt Lake Bees,Salt Lake,Bees,SL,slc,561,AAA,Pacific Coast League,Los Angeles Angels,108,https://www.mlbstatic.com/team-logos/561.svg,https://www.mlbstatic.com/team-logos/team-cap-on-light/561.svg
Rocket City Trash Pandas,Rocket City,Trash Pandas,RCT,rcy,559,AA,Southern League,Los Angeles Angels,108,https://www.mlbstatic.com/team-logos/559.svg,https://www.mlbstatic.com/team-logos/team-cap-on-light/559.svg
Tri-City Dust Devils,Tri-City,Dust Devils,TRI,tri,460,A+,Northwest League,Los Angeles Angels,108,https://www.mlbstatic.com/team-logos/460.svg,https://www.mlbstatic.com/team-logos/team-cap-on-light/460.svg
Inland Empire 66ers,Inland Empire,66ers,IE,inl,401,A,California League,Los Angeles Angels,108,https://www.mlbstatic.com/team-logos/401.svg,https://www.mlbstatic.com/team-logos/team-cap-on-light/401.svg
DSL LAD Bautista,DSL LAD Bautista,DSL LAD Bautista,D-LAB,ddo,611,Rookie,Dominican Summer League,Los Angeles Dodgers,119,https://www.mlbstatic.com/team-logos/611.svg,https://www.mlbstatic.com/team-logos/team-cap-on-light/611.svg
ACL Dodgers,ACL Dodgers,ACL Dodgers,A-DOD,ald,5427,Rookie,Arizona Complex League,Los Angeles Dodgers,119,https://www.mlbstatic.com/team-logos/5427.svg,https://www.mlbstatic.com/team-logos/team-cap-on-light/5427.svg
DSL LAD Mega,DSL LAD Mega,DSL LAD Mega,D-LAM,ddm,612,Rookie,Dominican Summer League,Los Angeles Dodgers,119,https://www.mlbstatic.com/team-logos/612.svg,https://www.mlbstatic.com/team-logos/team-cap-on-light/612.svg
Los Angeles Dodgers,LA Dodgers,Dodgers,LAD,lan,119,MLB,National League,Los Angeles Dodgers,119,https://www.mlbstatic.com/team-logos/119.svg,https://www.mlbstatic.com/team-logos/team-cap-on-light/119.svg
Oklahoma City Baseball Club,Okla. City,Baseball Club,OKC,okc,238,AAA,Pacific Coast League,Los Angeles Dodgers,119,https://www.mlbstatic.com/team-logos/238.svg,https://www.mlbstatic.com/team-logos/team-cap-on-light/238.svg
Tulsa Drillers,Tulsa,Drillers,TUL,tul,260,AA,Texas League,Los Angeles Dodgers,119,https://www.mlbstatic.com/team-logos/260.svg,https://www.mlbstatic.com/team-logos/team-cap-on-light/260.svg
Great Lakes Loons,Great Lakes,Loons,GL,gla,456,A+,Midwest League,Los Angeles Dodgers,119,https://www.mlbstatic.com/team-logos/456.svg,https://www.mlbstatic.com/team-logos/team-cap-on-light/456.svg
Rancho Cucamonga Quakes,Rancho Cuca.,Quakes,RC,rcq,526,A,California League,Los Angeles Dodgers,119,https://www.mlbstatic.com/team-logos/526.svg,https://www.mlbstatic.com/team-logos/team-cap-on-light/526.svg
DSL Miami,DSL Miami,DSL Miami,D-MIA,dmi,2127,Rookie,Dominican Summer League,Miami Marlins,146,https://www.mlbstatic.com/team-logos/2127.svg,https://www.mlbstatic.com/team-logos/team-cap-on-light/2127.svg
DSL Marlins,DSL Marlins,DSL Marlins,D-MRL,dmr,619,Rookie,Dominican Summer League,Miami Marlins,146,https://www.mlbstatic.com/team-logos/619.svg,https://www.mlbstatic.com/team-logos/team-cap-on-light/619.svg
FCL Marlins,FCL Marlins,FCL Marlins,F-MRL,fma,467,Rookie,Florida Complex League,Miami Marlins,146,https://www.mlbstatic.com/team-logos/467.svg,https://www.mlbstatic.com/team-logos/team-cap-on-light/467.svg
Miami Marlins,Miami,Marlins,MIA,mia,146,MLB,National League,Miami Marlins,146,https://www.mlbstatic.com/team-logos/146.svg,https://www.mlbstatic.com/team-logos/team-cap-on-light/146.svg
Jacksonville Jumbo Shrimp,Jacksonville,Jumbo Shrimp,JAX,jax,564,AAA,International League,Miami Marlins,146,https://www.mlbstatic.com/team-logos/564.svg,https://www.mlbstatic.com/team-logos/team-cap-on-light/564.svg
Pensacola Blue Wahoos,Pensacola,Blue Wahoos,PNS,pen,4124,AA,Southern League,Miami Marlins,146,https://www.mlbstatic.com/team-logos/4124.svg,https://www.mlbstatic.com/team-logos/team-cap-on-light/4124.svg
Beloit Sky Carp,Beloit,Sky Carp,BEL,bel,554,A+,Midwest League,Miami Marlins,146,https://www.mlbstatic.com/team-logos/554.svg,https://www.mlbstatic.com/team-logos/team-cap-on-light/554.svg
Jupiter Hammerheads,Jupiter,Hammerheads,JUP,jup,479,A,Florida State League,Miami Marlins,146,https://www.mlbstatic.com/team-logos/479.svg,https://www.mlbstatic.com/team-logos/team-cap-on-light/479.svg
DSL Brewers 2,DSL Brewers 2,DSL Brewers 2,D-BW2,dbw,2101,Rookie,Dominican Summer League,Milwaukee Brewers,158,https://www.mlbstatic.com/team-logos/2101.svg,https://www.mlbstatic.com/team-logos/team-cap-on-light/2101.svg
DSL Brewers 1,DSL Brewers 1,DSL Brewers 1,D-BW1,dbe,607,Rookie,Dominican Summer League,Milwaukee Brewers,158,https://www.mlbstatic.com/team-logos/607.svg,https://www.mlbstatic.com/team-logos/team-cap-on-light/607.svg
ACL Brewers,ACL Brewers,ACL Brewers,A-BRW,amb,406,Rookie,Arizona Complex League,Milwaukee Brewers,158,https://www.mlbstatic.com/team-logos/406.svg,https://www.mlbstatic.com/team-logos/team-cap-on-light/406.svg
Milwaukee Brewers,Milwaukee,Brewers,MIL,mil,158,MLB,National League,Milwaukee Brewers,158,https://www.mlbstatic.com/team-logos/158.svg,https://www.mlbstatic.com/team-logos/team-cap-on-light/158.svg
Nashville Sounds,Nashville,Sounds,NAS,nas,556,AAA,International League,Milwaukee Brewers,158,https://www.mlbstatic.com/team-logos/556.svg,https://www.mlbstatic.com/team-logos/team-cap-on-light/556.svg
Biloxi Shuckers,Biloxi,Shuckers,BLX,blx,5015,AA,Southern League,Milwaukee Brewers,158,https://www.mlbstatic.com/team-logos/5015.svg,https://www.mlbstatic.com/team-logos/team-cap-on-light/5015.svg
Wisconsin Timber Rattlers,Wisconsin,Timber Rattlers,WIS,wis,572,A+,Midwest League,Milwaukee Brewers,158,https://www.mlbstatic.com/team-logos/572.svg,https://www.mlbstatic.com/team-logos/team-cap-on-light/572.svg
Carolina Mudcats,Carolina,Mudcats,CAR,cmc,249,A,Carolina League,Milwaukee Brewers,158,https://www.mlbstatic.com/team-logos/249.svg,https://www.mlbstatic.com/team-logos/team-cap-on-light/249.svg
FCL Twins,FCL Twins,FCL Twins,F-TWI,ftn,474,Rookie,Florida Complex League,Minnesota Twins,142,https://www.mlbstatic.com/team-logos/474.svg,https://www.mlbstatic.com/team-logos/team-cap-on-light/474.svg
DSL Twins,DSL Twins,DSL Twins,D-TWI,dtw,632,Rookie,Dominican Summer League,Minnesota Twins,142,https://www.mlbstatic.com/team-logos/632.svg,https://www.mlbstatic.com/team-logos/team-cap-on-light/632.svg
Minnesota Twins,Minnesota,Twins,MIN,min,142,MLB,American League,Minnesota Twins,142,https://www.mlbstatic.com/team-logos/142.svg,https://www.mlbstatic.com/team-logos/team-cap-on-light/142.svg
St. Paul Saints,St. Paul,Saints,STP,stp,1960,AAA,International League,Minnesota Twins,142,https://www.mlbstatic.com/team-logos/1960.svg,https://www.mlbstatic.com/team-logos/team-cap-on-light/1960.svg
Wichita Wind Surge,Wichita,Wind Surge,WCH,wch,3898,AA,Texas League,Minnesota Twins,142,https://www.mlbstatic.com/team-logos/3898.svg,https://www.mlbstatic.com/team-logos/team-cap-on-light/3898.svg
Cedar Rapids Kernels,Cedar Rapids,Kernels,CR,ced,492,A+,Midwest League,Minnesota Twins,142,https://www.mlbstatic.com/team-logos/492.svg,https://www.mlbstatic.com/team-logos/team-cap-on-light/492.svg
Fort Myers Mighty Mussels,Fort Myers,Miracle,FTM,ftm,509,A,Florida State League,Minnesota Twins,142,https://www.mlbstatic.com/team-logos/509.svg,https://www.mlbstatic.com/team-logos/team-cap-on-light/509.svg
DSL Mets Blue,DSL Mets Blue,DSL Mets Blue,D-MEB,dmb,620,Rookie,Dominican Summer League,New York Mets,121,https://www.mlbstatic.com/team-logos/620.svg,https://www.mlbstatic.com/team-logos/team-cap-on-light/620.svg
DSL Mets Orange,DSL Mets Orange,DSL Mets Orange,D-MEO,dmo,2117,Rookie,Dominican Summer League,New York Mets,121,https://www.mlbstatic.com/team-logos/2117.svg,https://www.mlbstatic.com/team-logos/team-cap-on-light/2117.svg
FCL Mets,FCL Mets,FCL Mets,F-MET,fme,468,Rookie,Florida Complex League,New York Mets,121,https://www.mlbstatic.com/team-logos/468.svg,https://www.mlbstatic.com/team-logos/team-cap-on-light/468.svg
New York Mets,NY Mets,Mets,NYM,nyn,121,MLB,National League,New York Mets,121,https://www.mlbstatic.com/team-logos/121.svg,https://www.mlbstatic.com/team-logos/team-cap-on-light/121.svg
Syracuse Mets,Syracuse,Mets,SYR,syr,552,AAA,International League,New York Mets,121,https://www.mlbstatic.com/team-logos/552.svg,https://www.mlbstatic.com/team-logos/team-cap-on-light/552.svg
Binghamton Rumble Ponies,Binghamton,Rumble Ponies,BNG,bin,505,AA,Eastern League,New York Mets,121,https://www.mlbstatic.com/team-logos/505.svg,https://www.mlbstatic.com/team-logos/team-cap-on-light/505.svg
Brooklyn Cyclones,Brooklyn,Cyclones,BRK,bro,453,A+,South Atlantic League,New York Mets,121,https://www.mlbstatic.com/team-logos/453.svg,https://www.mlbstatic.com/team-logos/team-cap-on-light/453.svg
St. Lucie Mets,St. Lucie,Mets,SLU,slu,507,A,Florida State League,New York Mets,121,https://www.mlbstatic.com/team-logos/507.svg,https://www.mlbstatic.com/team-logos/team-cap-on-light/507.svg
DSL NYY Bombers,DSL NYY Bombers,DSL NYY Bombers,D-NYB,dyb,634,Rookie,Dominican Summer League,New York Yankees,147,https://www.mlbstatic.com/team-logos/634.svg,https://www.mlbstatic.com/team-logos/team-cap-on-light/634.svg
DSL NYY Yankees,DSL NYY Yankees,DSL NYY Yankees,D-NYY,dya,635,Rookie,Dominican Summer League,New York Yankees,147,https://www.mlbstatic.com/team-logos/635.svg,https://www.mlbstatic.com/team-logos/team-cap-on-light/635.svg
FCL Yankees,FCL Yankees,FCL Yankees,F-YAN,fya,475,Rookie,Florida Complex League,New York Yankees,147,https://www.mlbstatic.com/team-logos/475.svg,https://www.mlbstatic.com/team-logos/team-cap-on-light/475.svg
New York Yankees,NY Yankees,Yankees,NYY,nya,147,MLB,American League,New York Yankees,147,https://www.mlbstatic.com/team-logos/147.svg,https://www.mlbstatic.com/team-logos/team-cap-on-light/147.svg
Scranton/Wilkes-Barre RailRiders,Scranton/Wilkes-Barre,RailRiders,SWB,swb,531,AAA,International League,New York Yankees,147,https://www.mlbstatic.com/team-logos/531.svg,https://www.mlbstatic.com/team-logos/team-cap-on-light/531.svg
Somerset Patriots,Somerset,Patriots,SOM,som,1956,AA,Eastern League,New York Yankees,147,https://www.mlbstatic.com/team-logos/1956.svg,https://www.mlbstatic.com/team-logos/team-cap-on-light/1956.svg
Hudson Valley Renegades,Hudson Valley,Renegades,HV,hvr,537,A+,South Atlantic League,New York Yankees,147,https://www.mlbstatic.com/team-logos/537.svg,https://www.mlbstatic.com/team-logos/team-cap-on-light/537.svg
Tampa Tarpons,Tampa,Tarpons,TAM,tpa,587,A,Florida State League,New York Yankees,147,https://www.mlbstatic.com/team-logos/587.svg,https://www.mlbstatic.com/team-logos/team-cap-on-light/587.svg
DSL Athletics,DSL Athletics,DSL Athletics,D-ATH,dat,602,Rookie,Dominican Summer League,Oakland Athletics,133,https://www.mlbstatic.com/team-logos/602.svg,https://www.mlbstatic.com/team-logos/team-cap-on-light/602.svg
ACL Athletics,ACL Athletics,ACL Athletics,A-ATH,aoa,5426,Rookie,Arizona Complex League,Oakland Athletics,133,https://www.mlbstatic.com/team-logos/5426.svg,https://www.mlbstatic.com/team-logos/team-cap-on-light/5426.svg
Oakland Athletics,Oakland,Athletics,OAK,oak,133,MLB,American League,Oakland Athletics,133,https://www.mlbstatic.com/team-logos/133.svg,https://www.mlbstatic.com/team-logos/team-cap-on-light/133.svg
Las Vegas Aviators,Las Vegas,Aviators,LV,lvg,400,AAA,Pacific Coast League,Oakland Athletics,133,https://www.mlbstatic.com/team-logos/400.svg,https://www.mlbstatic.com/team-logos/team-cap-on-light/400.svg
Midland RockHounds,Midland,RockHounds,MID,mro,237,AA,Texas League,Oakland Athletics,133,https://www.mlbstatic.com/team-logos/237.svg,https://www.mlbstatic.com/team-logos/team-cap-on-light/237.svg
Lansing Lugnuts,Lansing,Lugnuts,LAN,lns,499,A+,Midwest League,Oakland Athletics,133,https://www.mlbstatic.com/team-logos/499.svg,https://www.mlbstatic.com/team-logos/team-cap-on-light/499.svg
Stockton Ports,Stockton,Ports,STK,sto,524,A,California League,Oakland Athletics,133,https://www.mlbstatic.com/team-logos/524.svg,https://www.mlbstatic.com/team-logos/team-cap-on-light/524.svg
DSL Phillies White,DSL Phillies White,DSL Phillies White,D-PHW,dpw,5085,Rookie,Dominican Summer League,Philadelphia Phillies,143,https://www.mlbstatic.com/team-logos/5085.svg,https://www.mlbstatic.com/team-logos/team-cap-on-light/5085.svg
DSL Phillies Red,DSL Phillies Red,DSL Phillies Red,D-PHR,dpr,623,Rookie,Dominican Summer League,Philadelphia Phillies,143,https://www.mlbstatic.com/team-logos/623.svg,https://www.mlbstatic.com/team-logos/team-cap-on-light/623.svg
FCL Phillies,FCL Phillies,FCL Phillies,F-PHI,fph,469,Rookie,Florida Complex League,Philadelphia Phillies,143,https://www.mlbstatic.com/team-logos/469.svg,https://www.mlbstatic.com/team-logos/team-cap-on-light/469.svg
Philadelphia Phillies,Philadelphia,Phillies,PHI,phi,143,MLB,National League,Philadelphia Phillies,143,https://www.mlbstatic.com/team-logos/143.svg,https://www.mlbstatic.com/team-logos/team-cap-on-light/143.svg
Lehigh Valley IronPigs,Lehigh Valley,IronPigs,LHV,lhv,1410,AAA,International League,Philadelphia Phillies,143,https://www.mlbstatic.com/team-logos/1410.svg,https://www.mlbstatic.com/team-logos/team-cap-on-light/1410.svg
Reading Fightin Phils,Reading,Fightin Phils,REA,rea,522,AA,Eastern League,Philadelphia Phillies,143,https://www.mlbstatic.com/team-logos/522.svg,https://www.mlbstatic.com/team-logos/team-cap-on-light/522.svg
Jersey Shore BlueClaws,Jersey Shore,BlueClaws,JS,jer,427,A+,South Atlantic League,Philadelphia Phillies,143,https://www.mlbstatic.com/team-logos/427.svg,https://www.mlbstatic.com/team-logos/team-cap-on-light/427.svg
Clearwater Threshers,Clearwater,Threshers,CLR,clr,566,A,Florida State League,Philadelphia Phillies,143,https://www.mlbstatic.com/team-logos/566.svg,https://www.mlbstatic.com/team-logos/team-cap-on-light/566.svg
DSL Pirates Black,DSL Pirates Black,DSL Pirates Black,D-PIB,dpk,624,Rookie,Dominican Summer League,Pittsburgh Pirates,134,https://www.mlbstatic.com/team-logos/624.svg,https://www.mlbstatic.com/team-logos/team-cap-on-light/624.svg
DSL Pirates Gold,DSL Pirates Gold,DSL Pirates Gold,D-PIG,dpd,4404,Rookie,Dominican Summer League,Pittsburgh Pirates,134,https://www.mlbstatic.com/team-logos/4404.svg,https://www.mlbstatic.com/team-logos/team-cap-on-light/4404.svg
FCL Pirates,FCL Pirates,FCL Pirates,F-PIR,fpi,470,Rookie,Florida Complex League,Pittsburgh Pirates,134,https://www.mlbstatic.com/team-logos/470.svg,https://www.mlbstatic.com/team-logos/team-cap-on-light/470.svg
Pittsburgh Pirates,Pittsburgh,Pirates,PIT,pit,134,MLB,National League,Pittsburgh Pirates,134,https://www.mlbstatic.com/team-logos/134.svg,https://www.mlbstatic.com/team-logos/team-cap-on-light/134.svg
Indianapolis Indians,Indianapolis,Indians,IND,ind,484,AAA,International League,Pittsburgh Pirates,134,https://www.mlbstatic.com/team-logos/484.svg,https://www.mlbstatic.com/team-logos/team-cap-on-light/484.svg
Altoona Curve,Altoona,Curve,ALT,alt,452,AA,Eastern League,Pittsburgh Pirates,134,https://www.mlbstatic.com/team-logos/452.svg,https://www.mlbstatic.com/team-logos/team-cap-on-light/452.svg
Greensboro Grasshoppers,Greensboro,Grasshoppers,GBO,gbo,477,A+,South Atlantic League,Pittsburgh Pirates,134,https://www.mlbstatic.com/team-logos/477.svg,https://www.mlbstatic.com/team-logos/team-cap-on-light/477.svg
Bradenton Marauders,Bradenton,Marauders,BRD,bra,3390,A,Florida State League,Pittsburgh Pirates,134,https://www.mlbstatic.com/team-logos/3390.svg,https://www.mlbstatic.com/team-logos/team-cap-on-light/3390.svg
DSL Padres Gold,DSL Padres Gold,DSL Padres Gold,D-PAG,dpg,2122,Rookie,Dominican Summer League,San Diego Padres,135,https://www.mlbstatic.com/team-logos/2122.svg,https://www.mlbstatic.com/team-logos/team-cap-on-light/2122.svg
DSL Padres Brown,DSL Padres Brown,DSL Padres Brown,D-PAB,dpb,622,Rookie,Dominican Summer League,San Diego Padres,135,https://www.mlbstatic.com/team-logos/622.svg,https://www.mlbstatic.com/team-logos/team-cap-on-light/622.svg
ACL Padres,ACL Padres,ACL Padres,A-PAD,asd,410,Rookie,Arizona Complex League,San Diego Padres,135,https://www.mlbstatic.com/team-logos/410.svg,https://www.mlbstatic.com/team-logos/team-cap-on-light/410.svg
San Diego Padres,San Diego,Padres,SD,sdn,135,MLB,National League,San Diego Padres,135,https://www.mlbstatic.com/team-logos/135.svg,https://www.mlbstatic.com/team-logos/team-cap-on-light/135.svg
El Paso Chihuahuas,El Paso,Chihuahuas,ELP,elp,4904,AAA,Pacific Coast League,San Diego Padres,135,https://www.mlbstatic.com/team-logos/4904.svg,https://www.mlbstatic.com/team-logos/team-cap-on-light/4904.svg
San Antonio Missions,San Antonio,Missions,SA,san,510,AA,Texas League,San Diego Padres,135,https://www.mlbstatic.com/team-logos/510.svg,https://www.mlbstatic.com/team-logos/team-cap-on-light/510.svg
Fort Wayne TinCaps,Fort Wayne,TinCaps,FW,ftw,584,A+,Midwest League,San Diego Padres,135,https://www.mlbstatic.com/team-logos/584.svg,https://www.mlbstatic.com/team-logos/team-cap-on-light/584.svg
Lake Elsinore Storm,Lake Elsinore,Storm,LE,les,103,A,California League,San Diego Padres,135,https://www.mlbstatic.com/team-logos/103.svg,https://www.mlbstatic.com/team-logos/team-cap-on-light/103.svg
DSL Giants Orange,DSL Giants Orange,DSL Giants Orange,D-GIO,dgo,615,Rookie,Dominican Summer League,San Francisco Giants,137,https://www.mlbstatic.com/team-logos/615.svg,https://www.mlbstatic.com/team-logos/team-cap-on-light/615.svg
DSL Giants Black,DSL Giants Black,DSL Giants Black,D-GIB,dgb,2134,Rookie,Dominican Summer League,San Francisco Giants,137,https://www.mlbstatic.com/team-logos/2134.svg,https://www.mlbstatic.com/team-logos/team-cap-on-light/2134.svg
ACL Giants,ACL Giants,ACL Giants,A-GIA,agb,408,Rookie,Arizona Complex League,San Francisco Giants,137,https://www.mlbstatic.com/team-logos/408.svg,https://www.mlbstatic.com/team-logos/team-cap-on-light/408.svg
San Francisco Giants,San Francisco,Giants,SF,sfn,137,MLB,National League,San Francisco Giants,137,https://www.mlbstatic.com/team-logos/137.svg,https://www.mlbstatic.com/team-logos/team-cap-on-light/137.svg
Sacramento River Cats,Sacramento,River Cats,SAC,src,105,AAA,Pacific Coast League,San Francisco Giants,137,https://www.mlbstatic.com/team-logos/105.svg,https://www.mlbstatic.com/team-logos/team-cap-on-light/105.svg
Richmond Flying Squirrels,Richmond,Flying Squirrels,RIC,ric,3410,AA,Eastern League,San Francisco Giants,137,https://www.mlbstatic.com/team-logos/3410.svg,https://www.mlbstatic.com/team-logos/team-cap-on-light/3410.svg
Eugene Emeralds,Eugene,Emeralds,EUG,eug,461,A+,Northwest League,San Francisco Giants,137,https://www.mlbstatic.com/team-logos/461.svg,https://www.mlbstatic.com/team-logos/team-cap-on-light/461.svg
San Jose Giants,San Jose,Giants,SJ,sjg,476,A,California League,San Francisco Giants,137,https://www.mlbstatic.com/team-logos/476.svg,https://www.mlbstatic.com/team-logos/team-cap-on-light/476.svg
DSL Mariners,DSL Mariners,DSL Mariners,D-MRN,dma,618,Rookie,Dominican Summer League,Seattle Mariners,136,https://www.mlbstatic.com/team-logos/618.svg,https://www.mlbstatic.com/team-logos/team-cap-on-light/618.svg
ACL Mariners,ACL Mariners,ACL Mariners,A-MRN,asm,409,Rookie,Arizona Complex League,Seattle Mariners,136,https://www.mlbstatic.com/team-logos/409.svg,https://www.mlbstatic.com/team-logos/team-cap-on-light/409.svg
Seattle Mariners,Seattle,Mariners,SEA,sea,136,MLB,American League,Seattle Mariners,136,https://www.mlbstatic.com/team-logos/136.svg,https://www.mlbstatic.com/team-logos/team-cap-on-light/136.svg
Tacoma Rainiers,Tacoma,Rainiers,TAC,tac,529,AAA,Pacific Coast League,Seattle Mariners,136,https://www.mlbstatic.com/team-logos/529.svg,https://www.mlbstatic.com/team-logos/team-cap-on-light/529.svg
Arkansas Travelers,Arkansas,Travelers,ARK,ark,574,AA,Texas League,Seattle Mariners,136,https://www.mlbstatic.com/team-logos/574.svg,https://www.mlbstatic.com/team-logos/team-cap-on-light/574.svg
Everett AquaSox,Everett,AquaSox,EVE,eve,403,A+,Northwest League,Seattle Mariners,136,https://www.mlbstatic.com/team-logos/403.svg,https://www.mlbstatic.com/team-logos/team-cap-on-light/403.svg
Modesto Nuts,Modesto,Nuts,MOD,mod,515,A,California League,Seattle Mariners,136,https://www.mlbstatic.com/team-logos/515.svg,https://www.mlbstatic.com/team-logos/team-cap-on-light/515.svg
DSL Cardinals,DSL Cardinals,DSL Cardinals,D-CAR,dca,608,Rookie,Dominican Summer League,St. Louis Cardinals,138,https://www.mlbstatic.com/team-logos/608.svg,https://www.mlbstatic.com/team-logos/team-cap-on-light/608.svg
FCL Cardinals,FCL Cardinals,FCL Cardinals,F-CAR,fca,1370,Rookie,Florida Complex League,St. Louis Cardinals,138,https://www.mlbstatic.com/team-logos/1370.svg,https://www.mlbstatic.com/team-logos/team-cap-on-light/1370.svg
St. Louis Cardinals,St. Louis,Cardinals,STL,sln,138,MLB,National League,St. Louis Cardinals,138,https://www.mlbstatic.com/team-logos/138.svg,https://www.mlbstatic.com/team-logos/team-cap-on-light/138.svg
Memphis Redbirds,Memphis,Redbirds,MEM,mrb,235,AAA,International League,St. Louis Cardinals,138,https://www.mlbstatic.com/team-logos/235.svg,https://www.mlbstatic.com/team-logos/team-cap-on-light/235.svg
Springfield Cardinals,Springfield,Cardinals,SPR,spr,440,AA,Texas League,St. Louis Cardinals,138,https://www.mlbstatic.com/team-logos/440.svg,https://www.mlbstatic.com/team-logos/team-cap-on-light/440.svg
Peoria Chiefs,Peoria,Chiefs,PEO,peo,443,A+,Midwest League,St. Louis Cardinals,138,https://www.mlbstatic.com/team-logos/443.svg,https://www.mlbstatic.com/team-logos/team-cap-on-light/443.svg
Palm Beach Cardinals,Palm Beach,Cardinals,PMB,pbc,279,A,Florida State League,St. Louis Cardinals,138,https://www.mlbstatic.com/team-logos/279.svg,https://www.mlbstatic.com/team-logos/team-cap-on-light/279.svg
DSL Tampa Bay,DSL Tampa Bay,DSL Tampa Bay,D-TAM,dtb,5086,Rookie,Dominican Summer League,Tampa Bay Rays,139,https://www.mlbstatic.com/team-logos/5086.svg,https://www.mlbstatic.com/team-logos/team-cap-on-light/5086.svg
FCL Rays,FCL Rays,FCL Rays,F-RAY,fra,2003,Rookie,Florida Complex League,Tampa Bay Rays,139,https://www.mlbstatic.com/team-logos/2003.svg,https://www.mlbstatic.com/team-logos/team-cap-on-light/2003.svg
DSL Rays,DSL Rays,DSL Rays,D-RAY,dry,1611,Rookie,Dominican Summer League,Tampa Bay Rays,139,https://www.mlbstatic.com/team-logos/1611.svg,https://www.mlbstatic.com/team-logos/team-cap-on-light/1611.svg
Tampa Bay Rays,Tampa Bay,Rays,TB,tba,139,MLB,American League,Tampa Bay Rays,139,https://www.mlbstatic.com/team-logos/139.svg,https://www.mlbstatic.com/team-logos/team-cap-on-light/139.svg
Durham Bulls,Durham,Bulls,DUR,drm,234,AAA,International League,Tampa Bay Rays,139,https://www.mlbstatic.com/team-logos/234.svg,https://www.mlbstatic.com/team-logos/team-cap-on-light/234.svg
Montgomery Biscuits,Montgomery,Biscuits,MTG,mon,421,AA,Southern League,Tampa Bay Rays,139,https://www.mlbstatic.com/team-logos/421.svg,https://www.mlbstatic.com/team-logos/team-cap-on-light/421.svg
Bowling Green Hot Rods,Bowling Green,Hot Rods,BG,bgr,2498,A+,South Atlantic League,Tampa Bay Rays,139,https://www.mlbstatic.com/team-logos/2498.svg,https://www.mlbstatic.com/team-logos/team-cap-on-light/2498.svg
Charleston RiverDogs,Charleston,RiverDogs,CHS,crd,233,A,Carolina League,Tampa Bay Rays,139,https://www.mlbstatic.com/team-logos/233.svg,https://www.mlbstatic.com/team-logos/team-cap-on-light/233.svg
DSL Rangers Red,DSL Rangers Red,DSL Rangers Red,D-RNR,drr,2413,Rookie,Dominican Summer League,Texas Rangers,140,https://www.mlbstatic.com/team-logos/2413.svg,https://www.mlbstatic.com/team-logos/team-cap-on-light/2413.svg
DSL Rangers Blue,DSL Rangers Blue,DSL Rangers Blue,D-RNB,drb,625,Rookie,Dominican Summer League,Texas Rangers,140,https://www.mlbstatic.com/team-logos/625.svg,https://www.mlbstatic.com/team-logos/team-cap-on-light/625.svg
ACL Rangers,ACL Rangers,ACL Rangers,A-RAN,ate,411,Rookie,Arizona Complex League,Texas Rangers,140,https://www.mlbstatic.com/team-logos/411.svg,https://www.mlbstatic.com/team-logos/team-cap-on-light/411.svg
Texas Rangers,Texas,Rangers,TEX,tex,140,MLB,American League,Texas Rangers,140,https://www.mlbstatic.com/team-logos/140.svg,https://www.mlbstatic.com/team-logos/team-cap-on-light/140.svg
Round Rock Express,Round Rock,Express,RR,rre,102,AAA,Pacific Coast League,Texas Rangers,140,https://www.mlbstatic.com/team-logos/102.svg,https://www.mlbstatic.com/team-logos/team-cap-on-light/102.svg
Frisco RoughRiders,Frisco,RoughRiders,FRI,fri,540,AA,Texas League,Texas Rangers,140,https://www.mlbstatic.com/team-logos/540.svg,https://www.mlbstatic.com/team-logos/team-cap-on-light/540.svg
Hickory Crawdads,Hickory,Crawdads,HIC,hic,448,A+,South Atlantic League,Texas Rangers,140,https://www.mlbstatic.com/team-logos/448.svg,https://www.mlbstatic.com/team-logos/team-cap-on-light/448.svg
Down East Wood Ducks,Down East,Wood Ducks,DE,dne,485,A,Carolina League,Texas Rangers,140,https://www.mlbstatic.com/team-logos/485.svg,https://www.mlbstatic.com/team-logos/team-cap-on-light/485.svg
DSL Blue Jays,DSL Blue Jays,DSL Blue Jays,D-BLJ,dbl,604,Rookie,Dominican Summer League,Toronto Blue Jays,141,https://www.mlbstatic.com/team-logos/604.svg,https://www.mlbstatic.com/team-logos/team-cap-on-light/604.svg
FCL Blue Jays,FCL Blue Jays,FCL Blue Jays,F-BLU,fbj,1390,Rookie,Florida Complex League,Toronto Blue Jays,141,https://www.mlbstatic.com/team-logos/1390.svg,https://www.mlbstatic.com/team-logos/team-cap-on-light/1390.svg
Toronto Blue Jays,Toronto,Blue Jays,TOR,tor,141,MLB,American League,Toronto Blue Jays,141,https://www.mlbstatic.com/team-logos/141.svg,https://www.mlbstatic.com/team-logos/team-cap-on-light/141.svg
Buffalo Bisons,Buffalo,Bisons,BUF,buf,422,AAA,International League,Toronto Blue Jays,141,https://www.mlbstatic.com/team-logos/422.svg,https://www.mlbstatic.com/team-logos/team-cap-on-light/422.svg
New Hampshire Fisher Cats,New Hampshire,Fisher Cats,NH,nhm,463,AA,Eastern League,Toronto Blue Jays,141,https://www.mlbstatic.com/team-logos/463.svg,https://www.mlbstatic.com/team-logos/team-cap-on-light/463.svg
Vancouver Canadians,Vancouver,Canadians,VAN,van,435,A+,Northwest League,Toronto Blue Jays,141,https://www.mlbstatic.com/team-logos/435.svg,https://www.mlbstatic.com/team-logos/team-cap-on-light/435.svg
Dunedin Blue Jays,Dunedin,Blue Jays,DUN,dun,424,A,Florida State League,Toronto Blue Jays,141,https://www.mlbstatic.com/team-logos/424.svg,https://www.mlbstatic.com/team-logos/team-cap-on-light/424.svg
DSL Nationals,DSL Nationals,DSL Nationals,D-NAT,dna,1270,Rookie,Dominican Summer League,Washington Nationals,120,https://www.mlbstatic.com/team-logos/1270.svg,https://www.mlbstatic.com/team-logos/team-cap-on-light/1270.svg
FCL Nationals,FCL Nationals,FCL Nationals,F-NAT,fna,466,Rookie,Florida Complex League,Washington Nationals,120,https://www.mlbstatic.com/team-logos/466.svg,https://www.mlbstatic.com/team-logos/team-cap-on-light/466.svg
Washington Nationals,Washington,Nationals,WSH,was,120,MLB,National League,Washington Nationals,120,https://www.mlbstatic.com/team-logos/120.svg,https://www.mlbstatic.com/team-logos/team-cap-on-light/120.svg
Rochester Red Wings,Rochester,Red Wings,ROC,roc,534,AAA,International League,Washington Nationals,120,https://www.mlbstatic.com/team-logos/534.svg,https://www.mlbstatic.com/team-logos/team-cap-on-light/534.svg
Harrisburg Senators,Harrisburg,Senators,HBG,har,547,AA,Eastern League,Washington Nationals,120,https://www.mlbstatic.com/team-logos/547.svg,https://www.mlbstatic.com/team-logos/team-cap-on-light/547.svg
Wilmington Blue Rocks,Wilmington,Blue Rocks,WIL,wil,426,A+,South Atlantic League,Washington Nationals,120,https://www.mlbstatic.com/team-logos/426.svg,https://www.mlbstatic.com/team-logos/team-cap-on-light/426.svg
Fredericksburg Nationals,Fredericksburg,Nationals,FBG,fbg,436,A,Carolina League,Washington Nationals,120,https://www.mlbstatic.com/team-logos/436.svg,https://www.mlbstatic.com/team-logos/team-cap-on-light/436.svg
